round,accuracy,accuracy_percent,best_accuracy,best_accuracy_percent,round_time_sec,average_time_sec,elapsed_sec,eta_to_300_sec,no_improve,remaining_patience,loss
1,0.9274124679760888,92.74124679760888,0.9274124679760888,92.74124679760888,2.0418477058410645,2.0418477058410645,2.0418477058410645,610.5124640464783,0,20,0.24468604159724508
2,0.9299743808710503,92.99743808710504,0.9299743808710503,92.99743808710504,2.0902469158172607,2.0660473108291626,4.1382057666778564,615.6820986270905,0,20,0.15124003394291952
3,0.9385140905209223,93.85140905209222,0.9385140905209223,93.85140905209222,2.2994561195373535,2.143850247065226,6.443333148956299,636.7235233783722,0,20,0.12034694614191341
4,0.9479077711357814,94.79077711357814,0.9479077711357814,94.79077711357814,1.9786887168884277,2.1025598645210266,8.42818021774292,622.3577198982239,0,20,0.09523295762701932
5,0.9487617421007686,94.87617421007685,0.9487617421007686,94.87617421007685,2.2901008129119873,2.1400680541992188,10.72394847869873,631.3200759887695,0,20,0.07875765428965927
6,0.9530315969257045,95.30315969257045,0.9530315969257045,95.30315969257045,2.2286245822906494,2.1548274755477905,12.959354162216187,633.5192778110504,0,20,0.06571105220235693
7,0.9547395388556789,95.47395388556788,0.9547395388556789,95.47395388556788,2.115251302719116,2.1491737365722656,15.080307722091675,629.7079048156738,0,20,0.060502530520574915
8,0.9615713065755764,96.15713065755764,0.9615713065755764,96.15713065755764,2.4152169227600098,2.1824291348457336,17.50169277191162,637.2693073749542,0,20,0.05003062934956999
9,0.9573014517506405,95.73014517506405,0.9615713065755764,96.15713065755764,3.6079230308532715,2.340817345513238,21.12100911140442,681.1778475443523,1,19,0.057146242026908274
10,0.9564474807856533,95.64474807856533,0.9615713065755764,96.15713065755764,2.8708577156066895,2.393821382522583,23.993377685546875,694.2082009315491,2,18,0.05496072175108597
11,0.9564474807856533,95.64474807856533,0.9615713065755764,96.15713065755764,2.8157806396484375,2.43218131498857,26.809158325195312,702.9004000316967,3,17,0.046651440167911035
12,0.9538855678906917,95.38855678906917,0.9615713065755764,96.15713065755764,2.712663412094116,2.4555548230806985,29.523345470428467,707.1997890472412,4,16,0.04488515254492179
13,0.9573014517506405,95.73014517506405,0.9615713065755764,96.15713065755764,2.5702948570251465,2.464380979537964,32.09364032745361,707.2773411273956,5,15,0.045224108929849335
14,0.9564474807856533,95.64474807856533,0.9615713065755764,96.15713065755764,3.305920362472534,2.524490935461862,35.40144181251526,722.0044075420925,6,14,0.050357889473979546
15,0.9513236549957301,95.13236549957301,0.9615713065755764,96.15713065755764,2.6763107776641846,2.53461225827535,38.079288721084595,722.3644936084747,7,13,0.05150338281742019
16,0.9564474807856533,95.64474807856533,0.9615713065755764,96.15713065755764,2.351943016052246,2.523195430636406,40.43123173713684,716.5875023007393,8,12,0.040868727559558095
17,0.9581554227156277,95.81554227156278,0.9615713065755764,96.15713065755764,2.4848086833953857,2.5209373866810516,42.91708993911743,713.4252804307376,9,11,0.039685966084814735
18,0.9538855678906917,95.38855678906917,0.9615713065755764,96.15713065755764,2.5895016193389893,2.5247465107176037,45.50659155845642,711.9785160223643,10,10,0.037254079213190794
19,0.9496157130657558,94.96157130657558,0.9615713065755764,96.15713065755764,3.5758144855499268,2.5800658778140417,49.08240604400635,724.9985116657457,11,9,0.03405430337063905
20,0.9598633646456021,95.98633646456021,0.9615713065755764,96.15713065755764,3.1659164428710938,2.6093584060668946,52.24832248687744,730.6203536987305,12,8,0.033673584807473116
21,0.9513236549957301,95.13236549957301,0.9615713065755764,96.15713065755764,2.38329815864563,2.5985936323801675,54.63162064552307,725.0076234340668,13,7,0.04338356352880852
22,0.955593509820666,95.5593509820666,0.9615713065755764,96.15713065755764,2.908841848373413,2.612695824016224,57.540462493896484,726.3294390765103,14,6,0.0319461544107996
23,0.9564474807856533,95.64474807856533,0.9615713065755764,96.15713065755764,2.4649558067321777,2.6062723450038745,60.00541830062866,721.9374395660732,15,5,0.031257374943671826
24,0.950469684030743,95.04696840307429,0.9615713065755764,96.15713065755764,2.756779193878174,2.61254346370697,62.763741970062256,721.0619959831238,16,4,0.026273711246207483
25,0.9564474807856533,95.64474807856533,0.9615713065755764,96.15713065755764,2.4486522674560547,2.6059878158569334,65.21239423751831,716.6466493606567,17,3,0.02241740182408283
26,0.955593509820666,95.5593509820666,0.9615713065755764,96.15713065755764,2.583852767944336,2.6051364678602953,67.79624700546265,713.807392193721,18,2,0.02892971144288651
27,0.9564474807856533,95.64474807856533,0.9615713065755764,96.15713065755764,3.0855119228363037,2.6229281513779252,70.88334798812866,716.0593853261736,19,1,0.027205582287831185
28,0.9590093936806149,95.90093936806149,0.9615713065755764,96.15713065755764,2.503335475921631,2.6186569843973433,73.3866834640503,712.2746997560773,20,0,0.0359300284821572
